time,alpha_1,alpha_2,alpha_3,alpha_4,alpha_5
2023-04-27,,,,,
2023-04-28,,,,,
2023-05-04,,,,,
2023-05-05,,,,,
2023-05-08,,,,,
2023-05-09,,,,,
2023-05-10,,,,,
2023-05-11,,,,,
2023-05-12,,,,,
2023-05-15,,,,,
2023-05-16,,,,,
2023-05-17,,,,,
2023-05-18,,,,,
2023-05-19,,,,,
2023-05-22,0.6622583999323679,,,,
2023-05-23,0.5137999694028248,,,,
2023-05-24,0.46965059054518865,,,,
2023-05-25,0.719151468683528,,,,
2023-05-26,0.6114680746288417,,,,
2023-05-29,0.8934057866354457,,,,
2023-05-30,0.561001314290428,,,,-0.6883840804984073
2023-05-31,0.6898014623371186,,,,-0.554039883964957
2023-06-01,0.45596740877414194,,,,0.3557871121792711
2023-06-02,0.4242680628118451,,,,1.0980557646070104
2023-06-05,0.5789825399677881,,,0.6986112807366408,1.1367409989528838
2023-06-06,0.6816785914402358,,,0.9382323675708881,1.1367409989528838
2023-06-07,0.8254581444655584,,,1.055646384903411,1.1151569832213255
2023-06-08,0.8052621725307143,,,0.923193324517399,0.9613214833658539
2023-06-09,0.47049225704293873,,,1.5338021591643491,1.1367409989528838
2023-06-12,-0.8180754558053801,,,1.5557235442536461,0.4073250157106959
2023-06-13,-0.7587390220268232,,,1.4222837880308423,-0.0365089111087291
2023-06-14,-0.04031982264880248,,,1.2549196415649164,-0.33480367178263815
2023-06-15,0.3576781159351189,,,1.227806169100365,-0.3634665875043179
2023-06-16,0.3536645231367629,,,1.0180996104515663,-0.9430304033854575
2023-06-19,0.20686082913151063,,,0.06851727826989691,-1.4268480752723076
2023-06-20,0.39583018612195664,,,0.058290089163912276,-1.426848075273486
2023-06-21,0.9573916526037891,,,0.37645918637230324,-1.416040396605999
2023-06-22,0.7359989302426201,,,0.87920771232896,-1.1158415020710248
2023-06-23,-0.9245284185530313,-1.780819554917059,1.706247281728813,0.9721640045109707,-1.426848075276185
2023-06-26,-2.194970676811001,-1.8346632440639612,1.706247281728813,0.6550724984924444,-1.426848075278208
2023-06-27,-2.260929290275564,-0.8084103913463885,1.4196393320795124,0.2726431416792494,-1.4268480752784591
2023-06-28,-2.708305139187822,-0.4433985666089759,0.8637542362147823,-0.20560878285391676,-1.4268480752786643
2023-06-29,-3.7321174947123756,0.09146307669669339,1.1380449260780992,-0.9071675192392052,-1.4268480752790327
2023-06-30,-2.4277949746840877,1.6157704936950592,0.5988150567626056,-0.9619897338155767,-1.4183487594767863
2023-07-03,-1.8058222278317908,1.4977951656486839,0.10366639115972308,-0.7652771934027135,-1.1297980090557205
2023-07-04,-0.529843295679564,1.0118774273148055,-0.12404880760867365,-0.858217011334571,-0.4681671435555517
2023-07-05,0.6202030003015063,0.6776609655657364,-0.3374368720065123,-0.5865872091123798,0.27818242354671
2023-07-06,0.3078593750202407,0.7311470178890076,-0.3374368720065123,-0.40797308640145646,1.1367409989528838
2023-07-07,0.24929291381827706,0.8965880930575434,-0.5360941678162425,-0.7943110386000497,1.1367409989528838
2023-07-10,0.2771911225300032,1.2076810449268738,0.10366639115972308,-1.197828486378727,0.9286756809981267
2023-07-11,-0.04154811432974399,0.6365418717230255,-0.5360941678162425,-1.3947214322603572,0.6376599696401234
2023-07-12,-0.34713580958919965,0.39216402554708846,-0.7199133867970828,-1.8161312844388597,0.29671424803464513
2023-07-13,0.21025170191102777,-0.4571115579865855,-1.184891800039049,-1.4835909706187345,0.14134222834425536
2023-07-14,-0.3141168341434731,0.3294243360614565,-1.3128168338756976,-1.4141095663786665,0.003515530989246464
2023-07-17,0.09672804103003718,-0.724353194478853,-1.3128168338756976,-0.795110291819727,0.054651447199027384
2023-07-18,0.04543381583859051,-1.0385687698829398,-1.3128168338756976,-0.4451843904273555,0.04602451069770686
2023-07-19,0.15493617475726548,-0.3666195548737281,-1.3128168338756976,-0.29968714767703425,0.24547982934791124
2023-07-20,0.35329574933207397,-0.9050529547085072,-1.3128168338756976,-0.4054407827023715,0.5096835734387799
2023-07-21,0.3078593750202407,-0.2036375940215921,-1.184891800039049,-0.5822159651299378,1.1367409989528838
2023-07-24,0.2512976647141095,-1.171100259597029,-1.3128168338756976,-0.841451764104161,1.1367409989528838
2023-07-25,0.08222941136557955,1.3689554214640085,-0.5360941678162425,-1.0348009299684722,0.5812319586607222
2023-07-26,-0.0524225967152212,0.5820105452081874,-0.12404880760867365,-1.0929445607331736,-0.05042590597967789
2023-07-27,-1.3254445555062024,-1.6699773736278234,0.10366639115972308,-1.5641169179277634,-0.8414499695337526
2023-07-28,-2.4258062254612978,-1.8437457453275838,1.706247281728813,-1.8374472934863615,-1.4268480752782904
2023-07-31,-2.7675110389524824,-1.5429597995925473,1.706247281728813,-1.8967739024861305,-1.4268480752788206
2023-08-01,-0.9109748609429196,0.14941282261807534,-0.7199133867970828,-1.0217860034321176,-1.2477260197977829
2023-08-02,-0.8156898156184185,1.2836001304650668,-1.3128168338756976,-0.913579156173176,-0.9861606981143795
2023-08-03,0.1704513709577676,0.7391948149322999,-1.3128168338756976,-0.21143314302678262,-0.546848471600325
2023-08-04,0.22466918502779887,0.12713778477928583,-1.184891800039049,-0.1502080202020797,-0.2579842528089679
2023-08-07,-0.4680438704885033,0.2058414228359403,1.1380449260780992,-0.5083024299904496,-0.04086444208695076
2023-08-08,0.4259998848199777,0.4981516091128817,-0.3374368720065123,-0.9206120518965175,0.14103376062402012
2023-08-09,0.39689566902120643,1.6194330757882498,-1.0438584238001019,-0.49638293820012214,0.4763002381605142
2023-08-10,0.3267008214193753,0.34202353944834896,-0.5360941678162425,-0.7660217752592762,0.8153157915597979
2023-08-11,0.3153376314051696,-1.1170904104353385,-0.3374368720065123,-0.7509507815999803,1.1367409989528838
2023-08-14,0.2774857086871756,-0.8949449962322119,0.34497895718327154,-0.261366542203225,1.1367409989528838
2023-08-15,0.330515779597796,-0.3010916590179111,1.1380449260780992,-0.2095520709115273,1.0594313048962642
2023-08-16,0.5728310175963373,-0.24170537736949274,0.8637542362147823,-0.6124699797457979,1.0463194316035238
2023-08-17,0.5409543997765549,1.2491756762939286,0.34497895718327154,-0.7350558852442388,1.1367409989528838
2023-08-18,0.2626111575833978,1.7149825924794608,0.5988150567626056,-0.5556413618955565,1.1367409989528838
2023-08-21,0.3229429827870914,0.2636709698567519,0.10366639115972308,-0.4755642261099176,1.1367409989528838
2023-08-22,0.397865902292669,1.3511067358878646,0.5988150567626056,-0.5460353569025007,1.1367409989528838
2023-08-23,0.27405801928226514,-0.07634544550321933,1.1380449260780992,-0.6393357246047121,1.071948231322779
2023-08-24,-0.5554205216889552,0.21180813627154468,-0.12404880760867365,-0.7869991799699091,0.15170062321583636
2023-08-25,-0.5066293857526041,1.2926729414165146,-0.5360941678162425,-0.8551947458056642,-0.5147099452462204
2023-08-28,-2.1077682220911087,-1.844980483306248,1.706247281728813,-1.492683922890828,-1.4268480752785464
2023-08-29,-2.0048430578281144,-1.3311337313790101,1.4196393320795124,-1.6145553698064885,-1.4268480752789543
2023-08-30,-2.4712694849704304,0.9084855772818009,1.4196393320795124,-1.6896924029510276,-1.4268480752791852
2023-08-31,-2.0125542887639623,0.740846089974678,1.1380449260780992,-1.5570802362723586,-1.4268480752793027
2023-09-05,-3.404893676954359,-1.844119735105182,1.706247281728813,-2.4212934863278295,-1.4268480752795358
2023-09-06,-2.625704124063189,1.4224682852992816,1.4196393320795124,-1.405606090965683,-1.426848075279558
2023-09-07,-1.892876098519625,0.565633329581763,1.1380449260780992,-1.4068583683509024,-1.1085302099846566
2023-09-08,-0.5838280363585517,0.07462220696834725,1.1380449260780992,-1.470813812212645,-0.7561598335024597
2023-09-11,-0.5148009735128491,0.09570013645260043,0.34497895718327154,-1.2981889772454094,-0.37020313731986393
2023-09-12,-0.6664631216257181,0.8436248987965426,0.34497895718327154,-0.794243253638577,0.39150293935647346
2023-09-13,0.1696828769477704,0.43587299909485344,-0.8890456819008455,-0.4332783871692481,0.6712544702469931
2023-09-14,0.42830202602335044,-0.1691099994779204,-1.0438584238001019,-0.42328696346695693,1.1367409989528838
2023-09-15,0.3767702288514688,1.505872346201719,-1.0438584238001019,-0.28285241210063133,1.1367409989528838
2023-09-18,0.32866257147769157,-1.1938233792231319,-1.3128168338756976,-0.2438987613368024,1.1367409989528838
2023-09-19,0.34576026525714815,0.2269881105287677,-1.3128168338756976,-0.1502080202020797,1.112607550617295
2023-09-20,0.349466167282396,-0.6925678632966072,-1.0438584238001019,-0.3101066659026391,0.9935523311413345
2023-09-21,0.465762511820678,0.19280691240414471,-0.3374368720065123,-0.1502080202020797,0.8325916956765401
2023-09-22,0.36361563363627175,-0.5156350264790445,-0.12404880760867365,-0.1502080202020797,0.6272552044586096
2023-09-25,0.43283655247055525,1.5231942459571781,-0.12404880760867365,-0.3026467724840456,0.40158554816305014
2023-09-26,0.4257450867560543,-0.473769223737118,0.8637542362147823,-0.1502080202020797,-0.15323679767723997
2023-09-27,0.5489168222830888,0.4117434405604505,0.34497895718327154,-0.33094915321812546,-1.3907335216210543
2023-09-28,0.4510964438909845,-1.1154389019211335,1.706247281728813,-0.1502080202020797,-1.4268480752778596
2023-09-29,0.4521940603208209,-1.6870397542742366,1.4196393320795124,-0.1502080202020797,-1.4268480752783483
2023-10-02,0.6471147429576327,-1.0009912185993248,0.5988150567626056,-0.2721090526201212,-1.2650899156586068
2023-10-03,0.5568276396205776,-0.5406443101091529,1.1380449260780992,-0.2505919594475254,-1.3139192842141183
2023-10-04,0.8761975175901772,-0.7575452513823618,0.5988150567626056,-0.1722153179321503,-1.1417336550116433
2023-10-05,0.4310115835145094,1.1329690073867447,1.1380449260780992,-0.07055290311319277,-1.35705221090714
2023-10-06,0.9987710813450199,0.385906623290221,-0.3374368720065123,0.4563505134537896,-0.9060441974238934
2023-10-09,0.5510761740814342,-0.10436990267359371,-0.3374368720065123,0.42241942960200884,0.026073602057412888
2023-10-10,0.20383939387824054,1.4648452652991502,-1.184891800039049,1.8005839209276595,0.5812697243493697
2023-10-11,0.8328924616734715,-0.12750538372417586,-1.3128168338756976,1.772169008156997,1.1367409989528838
2023-10-12,-0.5302455779186955,0.15779578287875265,-1.3128168338756976,2.0249862358470967,0.8882646891049931
2023-10-13,-0.4701676356650223,-1.2892801608347013,-1.3128168338756976,1.5078129322064104,0.5386720495537185
2023-10-16,-0.9243842168509142,-1.624163945657046,-1.0438584238001019,1.3988867040842907,0.6691866493477382
2023-10-17,-0.004194578196651616,-1.3064099506669358,-0.8890456819008455,0.9802974511246471,0.6739990795179568
2023-10-18,0.22557491359096252,-1.727072308339486,-1.0438584238001019,0.665321915333408,0.6132767755099605
2023-10-19,1.4193289715526103,0.20257461026177262,-0.12404880760867365,-0.1502080202020797,-0.3198606464153768
2023-10-20,0.9302826904558482,0.7255763491107258,-0.5360941678162425,0.009748452205377369,-0.7895330072845644
2023-10-23,1.2753524665724199,1.652777800913574,0.34497895718327154,-0.1502080202020797,-1.426848075278234
2023-10-24,0.7078704314346984,-0.4444426861205564,1.1380449260780992,-0.03797282312780617,-1.4268480752787525
2023-10-25,0.5351188424500378,0.040256862413644096,1.4196393320795124,-0.14686797592961967,-1.4268480752791814
2023-10-26,0.5952960211983231,1.6347928884741736,1.706247281728813,-0.059656909903760595,-1.4268480752794914
2023-10-27,0.7479946534323426,-0.9933772454244638,1.4196393320795124,-0.02052966506212306,-1.3159006302832077
2023-10-30,0.747962846312819,-1.6269177095555394,1.4196393320795124,0.4064774190644493,-1.0893273003871278
2023-10-31,0.9636092876899999,1.6781728851648838,0.5988150567626056,0.47908905886756487,-0.585640904761787
2023-11-01,0.24895916996537304,0.33119196716057436,-1.3128168338756976,1.4001804112281098,0.04176929696771081
2023-11-02,0.0373142601225926,1.2329119483968949,-1.3128168338756976,1.5951551111006896,0.12887795785239092
2023-11-03,-0.051675502530955215,0.23634643172364192,-1.0438584238001019,1.1583382085483684,0.8946687203071068
2023-11-06,-2.078314538851144,-0.30269726714417405,-0.8890456819008455,1.368581316708139,0.9879548025650124
2023-11-07,-1.2811463496272661,0.9818724995422837,-0.8890456819008455,1.2123943334434653,0.9083087879992718
2023-11-08,-2.0163555617888096,-0.40918488677957776,-0.3374368720065123,0.8370634131652693,0.6811106954444337
2023-11-09,-1.3338444687449365,-1.685168928834664,-0.5360941678162425,0.6344691547178479,1.0569258594513031
2023-11-10,0.7150622119682298,-1.599378034476074,-0.5360941678162425,0.6267068867173289,1.1367409989528838
2023-11-13,1.3342358206579843,-1.1305865258797807,-0.3374368720065123,0.3038414550680485,1.1367409989528838
2023-11-14,0.78432770942708,-1.499903853705768,0.10366639115972308,0.3932518801519163,1.1367409989528838
2023-11-15,0.4010324706753606,-0.7108043962322659,0.5988150567626056,0.613255023739853,1.1163245627575094
2023-11-16,0.42465742780111654,0.6201690907257816,0.5988150567626056,0.6261612493211031,1.1367409989528838
2023-11-17,0.6861941018801532,0.4928615767950515,-0.5360941678162425,0.7550681228545331,1.1367409989528838
2023-11-20,0.5261929321961633,0.24580075677791835,-0.7199133867970828,0.748220569058341,1.1367409989528838
2023-11-21,0.3237005860074342,0.546856240094226,-0.12404880760867365,0.7107896494230435,1.1367409989528838
2023-11-22,0.25168694411987963,-1.722362920457398,-0.8890456819008455,0.327290073194704,1.1367409989528838
2023-11-23,0.32386244732232683,-0.5554544741633266,-0.7199133867970828,0.2117114528835918,1.1367409989528838
2023-11-24,0.7289295032233769,1.5054402821386939,-0.12404880760867365,-0.007439328571914532,0.8061913788730891
2023-11-27,0.868558237230138,0.5354347939352779,-0.12404880760867365,0.011916136855344437,0.4016844226895072
2023-11-28,0.7803909441486613,0.7386769927119872,-0.3374368720065123,0.017831710351939534,-0.13614633258348674
2023-11-29,0.3436573155283173,0.9703100469068051,-0.12404880760867365,0.027174615995723125,0.2546853236304874
2023-11-30,0.391147677529292,1.7186559044046366,1.1380449260780992,0.023256301171296446,0.0249554113450784
2023-12-01,0.5461705353919326,-0.727381695824522,-0.12404880760867365,0.30788376326664313,1.1367409989528838
2023-12-04,0.2637253459968907,-1.5531603808692478,-0.8890456819008455,0.5761535809265694,1.1367409989528838
2023-12-05,0.3643589224440169,0.5706768337073828,0.8637542362147823,0.6892260550635446,1.1367409989528838
2023-12-06,0.14595335778754323,-0.29990177318790384,-0.12404880760867365,1.2670863609725833,1.1367409989528838
2023-12-07,0.3642004436139747,-1.4959404756371069,-0.12404880760867365,1.924039737350988,1.1367409989528838
2023-12-08,-0.054834928513342575,-1.8579680883488414,-0.5360941678162425,1.6819157071879813,0.8191959080575277
2023-12-11,-1.2871156709406726,-1.3642391456927867,1.706247281728813,1.6395712959169308,-0.34056974464666795
2023-12-12,-0.2563295977594113,0.27702864073912825,1.4196393320795124,1.4044969834427692,-0.6017645236552581
2023-12-13,0.5963223242065903,-0.5650155574723355,0.34497895718327154,0.6491416464911378,-0.6534089018851951
2023-12-14,0.1378629520083504,1.3731886724383093,-0.12404880760867365,0.8582555194447742,-0.2666104907068269
2023-12-15,0.4688199524368472,0.6216089471088114,0.34497895718327154,0.32325091710536485,-0.4232208575259421
2023-12-18,0.4771143959009955,0.24170532286978638,0.5988150567626056,-0.1502080202020797,-1.4268480752741861
2023-12-19,0.7872419724600389,0.6787586561699984,1.4196393320795124,0.10587338503147785,-1.4268480752756596
2023-12-20,0.9064000882539258,0.6465302253228582,-1.0438584238001019,1.0676448980536195,-1.4268480752756938
2023-12-21,0.6891550357805681,1.013640245902739,-0.5360941678162425,0.7962543314248488,-1.4268480752758343
2023-12-22,0.3684845272746519,-0.04684958010645614,-0.12404880760867365,0.7819203895675418,-1.3772561197035995
2023-12-25,0.3280087491141176,0.09600684485718665,-0.8890456819008455,1.2242537708719698,-0.13588531906116066
2023-12-26,0.3220257436045649,0.22726463310198536,-1.3128168338756976,1.2211651658629503,1.1367409989528838
2023-12-27,-0.1035439973201113,0.8051438153378344,-1.3128168338756976,0.8050257328504872,1.1367409989528838
2023-12-28,-0.600584814368061,0.7403241127689758,-1.184891800039049,0.9563056932210544,0.5470994498000323
2023-12-29,0.3075414277607367,0.6706499771268276,-0.3374368720065123,0.7393035195928982,0.5469228646702917
2024-01-02,-0.3055744762070908,1.4621326488372348,1.1380449260780992,0.7759589882637288,0.6159822917862151
2024-01-03,-0.8610321375403523,0.5508126430738454,1.706247281728813,0.5503783331193379,0.37485262288890403
2024-01-04,-0.542385379645416,-1.8455983458695289,1.706247281728813,0.27663111524178385,-0.17552296855215832
2024-01-05,-0.38225992023875566,1.498072839055237,1.4196393320795124,-0.03406196372160759,-0.24205022759658829
2024-01-08,-0.006575363405685155,-0.39793293997167634,0.10366639115972308,-0.04179054667114101,0.19701008906073997
2024-01-09,0.4688188536463062,0.05558668100348953,0.34497895718327154,0.07403243964708588,0.48868989687808084
2024-01-10,0.3364006697529847,0.7187739725516686,-0.5360941678162425,0.07032090792189702,-0.040543136410087624
2024-01-11,0.43700402129158006,0.4300800431603357,0.10366639115972308,0.07755023748986609,0.3965184384732143
2024-01-12,0.5954887753263366,1.7242531289470775,0.10366639115972308,0.09574993771731463,-0.5000597846938996
2024-01-15,0.6274473945895039,-0.3132573527388541,0.5988150567626056,0.3076436424364228,-1.2439458996871904
2024-01-16,0.4761312391917161,-0.7434290018538673,0.34497895718327154,0.07089409904855143,-1.426848075266419
2024-01-17,0.35231771270050316,-1.6148565756166953,0.10366639115972308,-0.17185260289405038,-0.9285308917180213
2024-01-18,0.3645265547144922,-1.384363796253146,-0.5360941678162425,-0.12322930822519214,0.6892050475368539
2024-01-19,0.20577050772121266,-0.370006505648471,-1.3128168338756976,-0.544363043929628,1.1367409989528838
2024-01-22,0.17795393817165767,0.06194311688806818,-1.3128168338756976,-1.4640178063159266,0.9971094127064565
2024-01-23,0.16429361261510622,0.17912421251144983,-0.5360941678162425,-1.0503694507704937,1.1367409989528838
2024-01-24,0.20911966326033846,0.19195282249283876,1.1380449260780992,-0.8388947046029354,1.0782129510107272
2024-01-25,0.3896516491050598,1.5531166019213902,1.4196393320795124,-0.3628188296262402,0.9162865644670085
2024-01-26,0.34688708032059806,0.17432496712006063,1.1380449260780992,-0.00887754740969926,0.7918566210803021
2024-01-29,0.5041630771924364,0.035355662300812246,1.4196393320795124,-0.0324230151159272,0.7918566210803021
2024-01-30,0.6645721514783678,-0.19541040494707906,-0.12404880760867365,0.40671144857004743,0.5737226380278716
2024-01-31,0.9374422940856949,-1.6274077124796875,-1.0438584238001019,1.0393725330379657,0.5190607882728376
2024-02-01,0.42593396562681457,0.14944039114021926,-0.8890456819008455,2.0429287735987067,0.41346677008595156
2024-02-02,0.2812386073462515,0.45569132716207095,-0.7199133867970828,1.794340876675286,0.6786552257426018
2024-02-05,-0.10004082764736263,-1.323962849645505,0.8637542362147823,2.0208566293731636,1.1367409989528838
2024-02-06,0.023988112945875547,-0.5534819893517882,-1.0438584238001019,1.5887889066041232,1.1367409989528838
2024-02-07,-0.06240748855501817,1.468316069588244,-1.0438584238001019,1.2653609683450924,0.8370589550125334
2024-02-15,-0.12476076731143997,-1.832447556200443,-0.7199133867970828,0.8521374048948931,1.136736999604745
2024-02-16,-1.5434819983804229,-1.860546565990041,1.706247281728813,0.6546094580096925,-1.426848075275267
2024-02-19,-2.3873245392824947,-0.9935211473563281,1.706247281728813,-0.7949967262274298,-1.4268480752784212
2024-02-20,-2.039615549235016,-0.4896158297819544,1.4196393320795124,-1.8453542154010794,-1.426848075278833
2024-02-21,-1.4311334848073558,0.3236420085981905,0.8637542362147823,-2.4572899008796836,-1.4268480752789423
2024-02-22,-1.6493754588288982,0.5200401723337654,0.5988150567626056,-2.8450450729644925,-1.4268480752790271
2024-02-23,-1.217153535573054,0.8702145855603163,0.34497895718327154,-1.2680617923265523,-1.2849999930494358
2024-02-26,-1.0091972295830594,0.805900688034627,0.10366639115972308,-0.3585149998983233,-1.1526450099748469
2024-02-27,-0.7159637242789557,0.5293507268529203,0.34497895718327154,-0.9866795769229876,-0.913908943254419
2024-02-28,0.14684086131848303,0.6491762484131227,0.10366639115972308,-1.1625068562313616,-0.4376379809826092
2024-02-29,0.08618581402231948,0.44831137682968597,-0.3374368720065123,-0.9205722976544417,0.6675368936187056
2024-03-01,0.2691997537039982,0.5323572282631507,-0.7199133867970828,-0.9283032027674596,1.0477444939574723
2024-03-04,0.2770603800880353,1.0557160551734868,-0.7199133867970828,-0.9865540938777739,1.1218995801288258
2024-03-05,-0.00272619556752704,0.5893219257329978,-0.7199133867970828,-0.9691746759242609,0.8237196060801203
2024-03-06,0.2457417282602674,0.8847548052410651,-1.184891800039049,-0.3571220408189934,0.8595871246305347
2024-03-07,0.3078593750202407,0.3326690109788555,-1.3128168338756976,-0.5053409006316971,0.8633252758576635
2024-03-08,0.39185078076551194,1.569074302729708,-0.8890456819008455,-0.1502080202020797,0.5188469277103112
2024-03-11,0.43802460396731263,-0.613197851785932,-0.8890456819008455,-0.1502080202020797,0.3097547192724107
2024-03-12,0.36568681973327843,-1.486204842474885,-1.0438584238001019,-0.1502080202020797,0.011228085136610113
2024-03-13,0.3997412795407275,0.2741971552387033,-1.0438584238001019,-0.5951104352986087,-0.09722365768051665
2024-03-14,0.49665645092656224,-0.2542015186702708,-0.12404880760867365,-0.47596047537341135,-0.49964384386234895
2024-03-15,0.469895707701246,-1.3601520660189,1.1380449260780992,-0.6869118097551075,-1.4268480752766046
2024-03-18,0.43120999363623375,1.5384887188161,1.706247281728813,-0.3867321524539024,-1.4268480752773156
2024-03-19,0.3599675394961187,-1.2008439482562066,1.1380449260780992,-0.37039341723529273,-0.9577409231124538
2024-03-20,0.47497635074523875,-1.2808688969396198,1.1380449260780992,-0.2600736150502657,-0.5752028606587498
2024-03-21,0.420563056157886,-0.7537155188587609,0.5988150567626056,-0.39935383696614085,0.4888400660271965
2024-03-22,1.0518487706450885,-0.45995240740155396,0.34497895718327154,-0.3176442950680809,0.2810379005020809
2024-03-25,0.7633089851849667,-0.5137576674020204,1.4196393320795124,-0.17502018494048718,0.5428379527723942
2024-03-26,0.7044945863246596,-0.07828050111207302,-0.8890456819008455,0.12332743730857905,0.5554812956909734
2024-03-27,0.3484543669408367,-0.3619447205723327,-0.8890456819008455,0.4576716646141697,1.1367409989528838
2024-03-28,0.34038143471587196,-0.1424713467106556,-1.184891800039049,0.674715171494713,1.1367409989528838
2024-03-29,0.5348570418278056,1.4423901953893543,-0.8890456819008455,1.181119574570543,1.1367409989528838
2024-04-01,1.154136184954523,0.5222488295545082,-0.3374368720065123,1.3622770785574347,0.8952573695494066
2024-04-02,0.612774334467629,-1.8348286520596842,-1.184891800039049,1.906105783654786,0.8463972976122095
2024-04-03,0.602754675525862,-1.5185514881806217,-1.184891800039049,1.3529002546324096,0.5415215823931459
2024-04-04,0.0024940562636620958,-1.751868283351899,-1.3128168338756976,2.031149038996819,0.6210708157043616
2024-04-05,0.18571462620431564,-0.6235621528836512,-1.3128168338756976,1.6856755564640995,0.4394947501590215
2024-04-08,0.6783740745588048,1.4230045530018174,-1.184891800039049,1.4152646223088952,0.326324526214743
2024-04-09,0.5769804141675455,1.3289245220808075,-1.3128168338756976,0.9965528638216072,0.25675260028841856
2024-04-10,0.39013997511667275,0.9716286518767444,-1.184891800039049,1.2778259386339512,0.14858535824168828
2024-04-11,0.5372199209582275,0.32839347264914776,-1.3128168338756976,0.03159018082638664,-0.5172883802616467
2024-04-12,0.3078593750202407,0.7196133049688612,-1.3128168338756976,0.3061330015618436,-1.4268480752692918
2024-04-15,0.5746118583404946,1.6584921869017308,1.706247281728813,-0.1502080202020797,-1.4268480752760284
2024-04-16,0.46618236365792526,1.7419657602358352,1.706247281728813,-0.1502080202020797,-1.4268480752775794
2024-04-17,0.5382487701996802,0.7885565924825887,1.1380449260780992,0.04787568366899995,-1.4268480752781492
2024-04-19,0.4230540726099604,0.9792051777314874,0.8637542362147823,0.15533824598355073,-1.3737060650392843
2024-04-22,0.5389385486678798,-0.909324037014496,0.5988150567626056,0.0026391817282238566,-1.2096263510201242
2024-04-23,0.6927683648164965,-1.2797370157490884,1.4196393320795124,0.6878282277973423,-1.2881683402559798
2024-04-24,0.8657596232290282,-1.0843556750212118,0.10366639115972308,1.4807536795849037,-0.9934700484016288
2024-04-25,0.36731946735098475,-0.6283946967021387,-1.3128168338756976,1.72566508820462,-0.4978924028464117
2024-04-26,-0.07976814699198116,-0.5038803387243832,-1.3128168338756976,1.6898225740430828,0.0936791193856834
2024-05-02,-0.2073653228605947,-0.8616393872608175,-1.3128168338756976,1.637523719859457,0.9943868345588442
2024-05-03,-0.5937814231895651,-0.570914963313253,-1.0438584238001019,1.5508163814894413,0.7227818021054614
2024-05-06,-0.8550188158398182,-0.445341964854627,-0.8890456819008455,1.3725917246237702,0.564189163715804
2024-05-07,-2.6222126290340646,-1.8571204655961635,1.706247281728813,1.2612956104139128,-0.9388701822263165
2024-05-08,-2.0437319384442585,0.04766052301498463,1.706247281728813,1.0702503060328155,-1.4268480752778263
2024-05-09,-0.744444920536053,-0.08167231594942746,-0.12404880760867365,0.6920576044083041,-1.3149695019601932
2024-05-10,-0.519069903930471,-0.07296036574446779,-0.3374368720065123,0.5885116639792757,-0.806855528817288
2024-05-13,0.1308378618957496,0.27826675413051793,-0.5360941678162425,0.4102031347568717,-0.3050389992873114
2024-05-14,-0.03249522181871862,0.7487414428241043,0.5988150567626056,0.11908429953881547,0.006849895533095248
2024-05-15,-0.24510141699639212,0.4603186542705737,0.8637542362147823,0.1880143571524899,0.26130585103622717
2024-05-16,0.5348602445715649,0.4926471483967367,0.5988150567626056,0.3662502448531329,0.44449993044108393
2024-05-17,0.5270764552689587,0.36242102214491856,-0.3374368720065123,0.20542333693762296,0.6846314677859148
2024-05-20,0.3409711518660307,0.6405061740525796,-0.5360941678162425,0.006320063021829847,1.1367409989528838
2024-05-21,0.3202944963165347,1.0068900851069504,-0.7199133867970828,-0.20140992189863327,1.1367409989528838
2024-05-22,0.3078593750202407,0.49633669939137487,-0.8890456819008455,-0.3040203619587748,1.1367409989528838
2024-05-23,0.24568423639389347,0.3298507719747746,-1.0438584238001019,-0.5539457427529934,1.0757869354685063
2024-05-24,0.43128166825592595,0.3074546634198535,-0.8890456819008455,-0.373444780013793,1.0020818947404253
2024-05-27,0.48834073897048247,0.11757615366542529,-1.0438584238001019,-0.7622315762083217,1.082014854858702
2024-05-28,0.3489996750684567,0.49528303716374866,-0.7199133867970828,-1.2301331738858028,1.0355442550446092
2024-05-29,0.3203122875724724,-0.7509718678883622,-1.184891800039049,-1.0938193814115946,1.1165207043564112
2024-05-30,0.37031627526251876,1.5271362352095215,0.10366639115972308,-0.22397099622791367,1.1367409989528838
2024-05-31,0.3581294835953862,-0.7326308974987975,0.5988150567626056,-0.46062477352075354,1.009182943760582
2024-06-03,0.5670481411426259,-0.47786485389013417,0.34497895718327154,-0.6299324799890582,1.027912860855836
2024-06-04,0.3078593750202407,-0.8847712317572103,0.34497895718327154,-0.32928659201864524,0.975204127510656
2024-06-05,-1.1933853462025117,-1.8602813650074617,1.4196393320795124,-1.2943187382541224,-1.4268480752737607
2024-06-06,0.15931087298145202,0.17573040037475812,-0.3374368720065123,-1.0509782757709003,-1.4268480752740527
2024-06-07,-0.5652183247906492,0.21481466480063602,1.1380449260780992,-1.3148335608408976,-1.426848075275187
2024-06-10,-0.5102594524919972,-0.23763839636835501,-1.0438584238001019,-0.9672938748770095,-1.426848075275194
2024-06-11,0.0065051881749907435,0.7254280128680081,-1.184891800039049,-0.7020145185052334,-1.426848075275207
2024-06-12,-0.1425140413465824,0.7240448949730363,-0.8890456819008455,-0.1502080202020797,-1.405032309815208
2024-06-13,-0.18077822788601347,0.7193686208411466,-0.8890456819008455,-0.43808502086520806,-1.0514860268134067
2024-06-14,1.3259340332972214,0.2912892696014684,-0.12404880760867365,-0.1502080202020797,-0.47622675824814764
2024-06-17,0.652412643825112,0.1867369094616967,-1.184891800039049,-0.2084656447960271,-0.5164266402035453
2024-06-18,0.8485771637550192,0.08886729359751486,-1.3128168338756976,-0.26052546348228045,-0.5848009650328085
2024-06-19,0.38579446736405776,1.511410554590331,0.8637542362147823,-0.1502080202020797,-0.25741847008955837
2024-06-20,0.37003451364658896,0.7193849334123256,-0.3374368720065123,-0.046470715899465005,1.1367409989528838
2024-06-21,0.39014090384403083,0.08053689225495897,1.4196393320795124,0.16513563723219313,1.1367409989528838
2024-06-24,0.48090832111372595,0.22776328360581252,1.4196393320795124,0.3060427198224254,1.1367409989528838
2024-06-25,0.4535916722769009,0.058709098077473335,1.4196393320795124,0.5878136472982098,1.0424426037013808
2024-06-26,0.40809351512832737,-1.6469855535895075,1.706247281728813,0.8371201624974055,1.1367409989528838
2024-06-27,0.4333427736999625,-1.2111078257419168,0.10366639115972308,0.4038487646488485,1.1367409989528838
2024-06-28,0.24031742575350193,-0.47026918527759815,0.10366639115972308,0.4107857933331918,1.1367409989528838
2024-07-01,0.3078593750202407,0.40292293470760576,-0.3374368720065123,0.783970876832021,1.1367409989528838
2024-07-02,0.2076266491105538,-0.12599269915609895,-0.6298546653894455,0.7328030328770109,0.927713257679985
2024-07-03,-0.10455187252050369,1.1099131567014306,-0.3374368720065123,1.2695822338095517,0.8508077920253133
2024-07-04,-0.18450827306797457,-0.4963766197493114,-0.12404880760867365,1.2810659832542102,0.5200523096837671
2024-07-05,-0.9604371225121694,-1.7012134194646849,1.706247281728813,1.8417370898978112,-0.6747658196981992
2024-07-08,-1.1484567317074927,-1.852363898882673,1.4196393320795124,1.4562793497202127,-1.4268480752747785
2024-07-09,-0.870462275079566,-1.7626712411265488,0.5988150567626056,0.9183046203602355,-1.4268480752756219
2024-07-10,-0.12648856544813936,-1.7165591311029895,-0.3374368720065123,0.6410825900644798,-1.0422216322688025
2024-07-11,0.2620555802844944,0.4365214920622198,-0.8890456819008455,0.44496464021468785,-0.5409601382755199
2024-07-12,0.27038354296372097,1.0458744499367814,-0.5360941678162425,0.11707200115462892,-0.0808947176204408
2024-07-15,0.35767383658768326,0.7114900326134093,-0.8890456819008455,-0.06086427293160481,0.019373767533807724
2024-07-16,0.48834073897048247,0.47781807574523666,-1.184891800039049,-0.07571011027147706,-0.027204667249136998
2024-07-17,0.5402811701632781,0.6359463799243836,-0.7199133867970828,-0.0981661532715876,-0.23111709499605798
2024-07-18,0.47120391205628004,0.06615064080434556,-1.0438584238001019,0.018274106814169515,-0.38519191585823265
2024-07-19,0.36975574858798976,1.6038124563825655,0.5988150567626056,-0.04563362263297784,-0.639075351902933
2024-07-22,0.3452772722862789,1.104606716798975,0.34497895718327154,0.014634356588291892,0.3996535776147976
2024-07-23,0.35775037397472115,1.3587599892395166,-0.8890456819008455,0.042593050876008766,1.1367409989528838
2024-07-24,0.407791167368398,0.6069569098623753,0.8637542362147823,-0.1264784774835871,1.1367409989528838
2024-07-25,0.4121116961834491,0.4668383524398627,0.5988150567626056,-0.27074577800942495,1.1367409989528838
2024-07-26,0.274294010320051,0.4447844538177929,-0.3374368720065123,-0.6665816815452391,1.1367409989528838
2024-07-29,-0.3446505211957302,-1.2851570870690932,1.4196393320795124,-2.54513939962803,-0.2529067900558084
2024-07-30,-1.2117773091450577,-1.4100387708369113,1.706247281728813,-3.703108810747405,-1.426848075275113
2024-07-31,-3.611849182329556,-1.8605246437082348,1.706247281728813,-4.3038471333105734,-1.4268480752790795
2024-08-01,-2.2687242650600163,-1.5910624486585938,1.4196393320795124,-3.1614521498717427,-1.4268480752793549
2024-08-02,-3.4108131390043352,-1.255731301005037,1.4196393320795124,-3.3637569827426246,-1.4268480752795574
2024-08-05,-1.6082033595427159,0.21538238579315486,0.8637542362147823,-1.5077311103061493,-1.3329290477670195
2024-08-06,-4.027875430350476,-0.04337903892668317,1.4196393320795124,-2.558899315669506,-1.426848075279654
2024-08-07,-3.7529713138602085,0.991833401288344,1.4196393320795124,-1.4793437504014095,-1.4268480752797361
2024-08-08,-2.5422233672457755,0.8327127954366962,0.5988150567626056,-1.513322987672603,-1.2131530792488152
2024-08-09,-0.6083893835254499,0.9310474854488243,0.5988150567626056,-1.250963809096336,-0.8521962420510075
2024-08-12,-0.6449357919308728,0.8274346329364257,-0.12404880760867365,-1.8124259541336438,-0.49044425242509276
2024-08-13,-0.5788300619416915,0.8392686780318256,-0.12404880760867365,-0.8786864761622004,0.10380259998956659
2024-08-14,-0.6056584484045744,0.6217029705922661,-0.5360941678162425,-0.5543362759516004,0.19330515239600196
2024-08-15,0.09932521162748223,0.7026972831688076,-0.7199133867970828,-0.810896416294419,1.1367409989528838
2024-08-16,0.3078593750202407,0.9590510947890297,-1.3128168338756976,-0.5636111022723433,1.1367409989528838
2024-08-19,-1.068466103371969,0.6091700376715663,-0.7199133867970828,-1.222037600511465,1.1367409989528838
2024-08-20,0.04838607188792473,0.5018431338075966,-1.184891800039049,-0.8138663363894932,1.0025479387801508
2024-08-21,0.22101282962958468,0.29153232116425215,-1.184891800039049,-0.6449966589975621,0.9023916789654057
2024-08-22,0.2854496186665772,0.9902762153195237,-1.3128168338756976,-0.21350166527976927,1.058179669021067
2024-08-23,0.20728612656037707,-1.185746083559292,-1.184891800039049,-0.4279816306745114,1.1181342350217807
2024-08-26,0.3227996341661196,-0.677416545243267,-1.3128168338756976,-0.1502080202020797,1.1367409989528838
2024-08-27,0.3190644639854575,-0.26622428988925906,-0.8890456819008455,-0.24405576836418608,1.063509955311227
2024-08-28,0.4601887889214892,-0.8682534910257337,-1.3128168338756976,-0.3689118510880519,0.9994522034110458
2024-08-29,0.42271092546009714,-1.6893068364846993,-0.5360941678162425,-0.4773802497697105,0.894478880699124
2024-08-30,0.5128522790028631,0.7204704206947631,-0.5360941678162425,-0.4398456593838981,0.8564505510069301
2024-09-04,0.30414434023383574,-1.6592986117660289,-1.0438584238001019,-0.7864049886029952,1.1367409989528838
2024-09-05,0.3225798022714855,1.4505627899873346,-1.184891800039049,-0.9749901625281694,1.1367409989528838
2024-09-06,-0.21789344033668126,0.6301237702196614,0.34497895718327154,-0.9945056780139112,1.029279787918068
2024-09-09,-0.13092022945687784,0.6173539090941237,0.5988150567626056,-0.9259202382138322,0.8720011051802803
2024-09-10,0.08406254242521763,0.5522060982825461,0.10366639115972308,-0.8370180935424154,0.7854976668977731
2024-09-11,-0.14592231610017173,0.35293127638280936,-0.3374368720065123,-0.761055506862743,1.1367409989528838
2024-09-12,-0.05021656754686002,1.5942394497436903,0.34497895718327154,-0.676206041030522,1.1367409989528838
2024-09-13,0.4117361544820421,1.4941100472987034,1.4196393320795124,-0.1649826641234321,0.010519744382229957
2024-09-16,0.5145004500851215,1.6386006055931097,1.706247281728813,-0.1502080202020797,-1.426848075274917
2024-09-17,0.6734358648871309,-0.5308630516457431,0.8637542362147823,-0.35166777712093084,-1.4268480752752366
2024-09-18,0.5289634875057656,-0.5200341792002047,-0.12404880760867365,-0.3732189025569889,-1.426848075275558
2024-09-19,0.48450699434748373,-1.0409705284155244,0.5988150567626056,-0.29866037720458677,-1.4203020629449912
2024-09-20,0.378063636052102,-0.32814584321233187,1.4196393320795124,-0.2218116399006905,-1.074172993898982
2024-09-23,0.440700423131245,-1.3271782947230766,1.1380449260780992,0.012570525264146662,-0.7848025046547165
2024-09-24,0.32349493996831286,-0.8535650333687482,1.4196393320795124,0.1820748231365058,-0.22535275156603826
2024-09-25,0.3025378190533391,1.6393815174563546,1.706247281728813,0.24246791031451304,0.0676326544602523
2024-09-26,0.37390999956587934,1.5901703780523533,-0.12404880760867365,0.6745758513546443,1.1367409989528838
2024-09-27,0.2550354181905563,0.8914374581102237,-1.184891800039049,1.1173631677061389,0.991211403915109
2024-09-30,0.7055883027006649,0.3969327316420778,0.8637542362147823,0.8058408773744523,1.1367409989528838
2024-10-01,0.3888371175854559,-0.9482173673320676,-0.7199133867970828,0.9618100359111804,1.1367409989528838
2024-10-02,0.47987406242840064,-0.5924217130532521,-1.3128168338756976,1.3120952028282773,1.1367409989528838
2024-10-03,0.3078593750202407,-0.3174575946564169,-1.0438584238001019,0.918033485702039,1.1367409989528838
2024-10-04,0.5256823207016235,1.387990331246621,1.706247281728813,-0.013539753029341146,0.016688085534930442
2024-10-07,0.4482157562335125,1.7422810141422982,1.706247281728813,-0.1502080202020797,-1.4268480752772434
2024-10-08,0.8513813622915771,-0.3867611026099935,0.8637542362147823,0.5109184232516073,-1.426848075277591
2024-10-09,1.0313740965873281,-0.5434970731498845,1.1380449260780992,0.2702380133688772,-1.4268480752779904
2024-10-10,0.49660301768088444,-1.059669495351646,0.5988150567626056,0.09408002993117603,-1.4268480752780186
2024-10-11,0.49660301768088444,-1.5889330548866154,-0.3374368720065123,1.0846910141215633,-1.1184001857836643
2024-10-14,0.7940603443925537,-1.3380492036113176,1.1380449260780992,1.4993451774220723,-1.0949309122363613
2024-10-15,0.5130833201232408,-0.6364252664056581,1.4196393320795124,0.679632508168349,-0.9818971240692878
2024-10-16,0.20926825026504328,-1.0186314727923824,-0.5360941678162425,1.2378250335043182,-0.44066023942142457
2024-10-17,0.4533621081290197,-0.8745960560496407,-1.184891800039049,1.2973873927473443,0.8146629665102533
2024-10-18,0.48674360665222194,-0.06821361520558783,-1.0438584238001019,1.1397584226061959,1.0922807522990372
2024-10-21,0.5521460962745326,0.6100061457610371,-1.0438584238001019,1.4090467874250139,1.1367409989528838
2024-10-22,0.5032887520236742,-0.10284528464732372,-1.3128168338756976,1.565400742038488,1.1367409989528838
2024-10-23,0.2504287646536474,-0.16236192188124993,-0.7199133867970828,1.14791629889127,1.1367409989528838
2024-10-24,-0.6824796629961848,-1.836307355163443,-0.5360941678162425,1.5036085983182057,0.8000532856695943
2024-10-25,0.02200753393147684,-0.6999187362416238,-0.5360941678162425,1.4019578318122126,0.7303228193161141
2024-10-28,0.5035831822509718,-0.6689937827487529,-1.3128168338756976,1.0834754644509488,0.6809784237125589
2024-10-29,0.5041639498242146,0.7061337253762788,-1.3128168338756976,1.0027576736441088,0.7574285857779673
2024-10-30,0.5945638087174024,0.3756580525326195,-0.3374368720065123,0.7179139556009604,0.3313420149700251
2024-10-31,0.6027537545000458,0.6047984194038485,-0.3374368720065123,0.14837173274272478,-0.3374038985180191
2024-11-01,0.6150415791540126,0.4508576041189556,0.34497895718327154,0.18954534840015602,-1.4268480752757027
2024-11-04,0.7592068621410584,0.11437430517744619,1.1380449260780992,0.31177752370153045,-1.4268480752766066
2024-11-05,0.6118785578913654,-0.29852676230193154,0.8637542362147823,0.36316567927232213,-1.4268480752770876
2024-11-06,0.5949878011977731,0.14615092141434174,-1.3128168338756976,0.8650392907308637,-1.4268480752771642
2024-11-07,0.35311452854362213,-1.4937077419401625,-1.3128168338756976,0.9536103056577918,-0.7112924457152524
2024-11-08,0.357749302490682,-0.03263171608416143,-1.184891800039049,0.9924624662564258,0.43590538189502526
2024-11-11,0.4204533952508457,1.0834856908667447,1.706247281728813,0.8234167774727797,0.7964155619876592
2024-11-12,0.4209653752741412,1.3457437583417209,1.706247281728813,0.7068844998072978,1.1367409989528838
2024-11-13,0.5599708360043512,0.6901491766124921,1.1380449260780992,0.6134649250908826,1.1367409989528838
2024-11-14,0.5603566476474107,0.09031122007137726,-0.12404880760867365,0.5732626187454124,1.1367409989528838
2024-11-15,0.6157595758545301,1.6953158541649644,1.706247281728813,-0.028165051622729777,0.08677325363360995
2024-11-18,0.5337281189569439,1.1484638602570465,1.706247281728813,-0.030456100454257146,-0.8852015550203886
2024-11-19,0.4211379839680094,1.535511296383468,1.4196393320795124,0.034995640683695844,-1.4268480752767703
2024-11-20,0.6460710226446177,-0.15165530177938172,0.5988150567626056,0.3742010831842336,-1.366473253262144
2024-11-21,0.6688747336921017,-0.0691790584343757,-0.8890456819008455,0.6521287492492236,-0.9668899841688161
2024-11-22,0.6937629710587346,1.0575318637203446,-1.3128168338756976,1.8950780159860596,-0.4700687027609935
2024-11-25,0.7531327550646567,1.235099567929831,-1.3128168338756976,1.8473454311007573,-0.17203361934980452
2024-11-26,-0.4061348139548994,1.4400921715163313,-1.3128168338756976,1.7667636773443811,-0.12824336908117176
2024-11-27,-0.5469836507144379,1.0859728800107193,-0.7199133867970828,1.2919376392451638,0.04838302195294279
2024-11-28,-0.545327103178984,0.6623076518233699,-0.5360941678162425,1.0297389875093985,0.2867001968552535
2024-11-29,-0.34224163850159484,1.5924781926576321,-0.7199133867970828,0.8162545075933464,0.21712720984918996
2024-12-02,-0.0803756608365519,1.4134301767209647,-0.7199133867970828,0.7237604506008262,1.1367409989528838
2024-12-03,0.5393492003957981,-1.816365820314613,-0.12404880760867365,0.2705057693364606,1.1367409989528838
2024-12-04,0.7794101493775365,-1.6609380303579007,-0.12404880760867365,0.11643712240170147,0.8861775195226536
2024-12-05,0.5630897843635295,-1.7667202558916348,0.8637542362147823,0.5311816340479818,0.9537583131504159
2024-12-06,0.5212052330908253,-1.3182204348433506,0.5988150567626056,0.4080148516831168,0.8954062064143427
2024-12-09,0.4702544911419285,-1.1174852225435121,0.5988150567626056,0.42884438370003375,0.7960453218524308
2024-12-10,0.42733417336289103,-1.0928415950045898,-0.12404880760867365,0.5599988879086548,0.9345436622230607
2024-12-11,0.39119446895759097,-0.8347363452708829,0.10366639115972308,0.8680692462719855,1.1323250052481502
2024-12-12,-0.02429554027479519,-0.7252729375721466,0.10366639115972308,0.6280715162925545,1.0290787530096486
2024-12-13,0.11190427199744421,-0.8468230499397154,-0.3374368720065123,0.5036996255317365,1.1367409989528838
2024-12-16,-0.0522373126954522,-1.093687400540384,1.4196393320795124,0.5775304204886226,0.3166732071236282
2024-12-17,0.04984735699785567,0.551241824979997,0.10366639115972308,0.32431981233738655,-0.11945156961577387
2024-12-18,-0.0791572438352713,0.8230737739331428,0.5988150567626056,0.14463329362090013,1.1367409989528838
2024-12-19,0.3078593750202407,0.3636870456979206,-0.23256630190829608,-0.06878166384084812,0.4527142262796835
2024-12-20,-0.10431909962210588,-1.8426618509904487,1.706247281728813,-0.016272772345486127,-0.5210130935737469
2024-12-23,0.38466220719096866,0.9610514081226186,-0.12404880760867365,-0.13595172665986094,-0.1902359475937736
2024-12-24,0.2627785845928495,0.4744371701453537,0.10366639115972308,-0.123726875900884,0.7599262256034579
2024-12-25,0.5114102750781557,0.5479927651503154,0.10366639115972308,-0.1549536692252481,1.0372351149473626
2024-12-26,0.37203639502536273,-0.5020883765356241,-0.12404880760867365,-0.21265786981684118,0.9414997958035992
2024-12-27,0.42738994409921527,0.31051940413089996,-0.3374368720065123,-0.18207175377461138,1.1059695846721662
2024-12-30,0.3123768238801958,0.9463860665150268,1.4196393320795124,-0.1379865727176898,0.8364529561828696
2024-12-31,0.4014888266792237,1.1521769041151286,0.8637542362147823,-0.18899917195826846,0.4301013302033831
2025-01-02,0.37688065990107683,0.30962483774579774,1.706247281728813,-0.1502080202020797,-0.24194897912197094
2025-01-03,0.446249540674027,0.23326032097066526,1.1380449260780992,-0.1502080202020797,-1.426848075256038
2025-01-06,0.3682522984818905,-0.8477716994264444,1.706247281728813,-0.1502080202020797,-1.4268480752603658
2025-01-07,0.3985884575169001,1.719975149114313,1.706247281728813,-0.1502080202020797,-1.4268480752731463
2025-01-08,0.4893175400135595,0.7450597890656896,1.706247281728813,-0.1502080202020797,-1.426848075275015
2025-01-09,0.5038137411529887,0.25335824260295536,1.1380449260780992,0.2677487003308262,-1.4268480752752322
2025-01-10,0.39916088573754427,-1.2048988523405617,1.4196393320795124,-0.1502080202020797,-1.4268480752756896
2025-01-13,0.45638423132512235,-1.6184818946421795,0.8637542362147823,0.5200529703456402,-1.1883632698262425
2025-01-14,0.7366393773739361,-1.1063419071674452,0.10366639115972308,1.6691705546055167,-0.9471105400249079
2025-01-15,0.5724763735821586,-0.7344086170063927,-0.3374368720065123,1.653149636331389,-0.30900108369817586
2025-01-16,0.22744824225286112,-0.32701316665959707,-0.8890456819008455,1.6423060236993698,0.4034892525881244
2025-01-17,0.1470342062944772,0.24121450173752554,-1.184891800039049,2.037922627006303,1.1367409989528838
2025-01-20,0.24542196594689542,-1.5818989715900036,-1.3128168338756976,1.862757704255008,1.1367409989528838
2025-01-21,-0.02939156710564507,-1.1945808534462499,-1.3128168338756976,1.5070717258558224,1.1279478961946097
2025-01-22,0.18215741868955063,-1.4624219695583984,-1.184891800039049,1.1915616454731188,1.1173209991361917
2025-01-23,0.03937986710950145,-0.06550241904408362,-0.8890456819008455,1.29708120379531,1.0471290263421358
2025-01-24,-0.02719789847677381,-1.7898797491563967,-0.5360941678162425,1.3035768314134686,1.0714604259158789
2025-02-03,0.9312827605095166,-1.3031098318124663,-0.12404880760867365,0.06580113934667454,0.16970832351127152
2025-02-04,0.8680373707213541,1.7134694614181003,-0.12404880760867365,-0.09564641012667555,-0.7749929885616459
2025-02-05,0.5037901653223819,-0.8883164397781149,-0.8890456819008455,1.0664818322591614,-0.944810216358474
2025-02-06,0.6513023222535689,1.2158060694955124,-1.184891800039049,0.13582147370151507,-1.4268480752751749
2025-02-07,0.5405479156682478,1.207502039506845,-1.3128168338756976,0.059876955797042726,-1.407142611165899
2025-02-10,0.5568265170670503,-0.6131668500004431,-1.184891800039049,1.1683100998723523,-1.4124908220268027
2025-02-11,0.5072796480911989,-0.5941704653414162,-1.0438584238001019,1.192278247605611,-1.426848075275194
2025-02-12,0.09144745302822187,0.6932198930600325,-1.3128168338756976,0.6392579661363078,-1.2867673127419008
2025-02-13,0.23917819732560103,0.3328120613363515,-1.184891800039049,0.9476268039861633,-0.7780187248355224
2025-02-14,0.3616435586423556,1.7301415665436084,-0.7199133867970828,0.5678072240526442,0.38309946257252586
2025-02-17,0.6257334059134294,-0.10292700120308067,1.1380449260780992,0.4976548791532504,0.08985298757505585
2025-02-18,0.6025408150314802,0.6150339733133878,-1.0438584238001019,0.8248675775508474,0.7961414671183639
2025-02-19,0.22598863608213493,-0.08498639756285242,0.5988150567626056,0.7361912766153449,1.1367409989528838
2025-02-20,0.12988218326424117,-0.11890840523081204,0.8637542362147823,0.8618858902442138,1.1367409989528838
2025-02-21,0.036731720822757614,0.7759829445350338,-0.5360941678162425,1.2634774049168958,0.5305156731501667
2025-02-24,-1.803750318534121,-1.858898025365708,1.706247281728813,0.9769931275409064,-1.4268480752772825
2025-02-25,-1.3560620746699705,-0.7464751345222203,1.4196393320795124,0.5661525657480472,-1.4268480752778294
2025-02-26,-1.5435529342740013,0.04796428681485689,1.4196393320795124,0.32292493893067836,-1.4268480752782196
2025-02-27,-0.7343739383205953,0.03587017272887029,0.8637542362147823,0.16482333911087346,-1.419397351722286
2025-02-28,-0.4537894145919027,0.44376580567918505,0.5988150567626056,0.05630107687182734,-1.2665910937355322
2025-03-03,-1.395048812343018,1.0583753332712202,0.8637542362147823,-0.18467491131593428,-1.0595364659924906
2025-03-04,-0.9648598046355401,-0.441388507267935,1.1380449260780992,-0.5784465846839623,-0.8211855904805795
2025-03-05,0.7831071728306441,0.4117483328930164,0.34497895718327154,-0.4631686256190992,-0.4624570849648399
2025-03-06,0.3078593750202407,0.289737156012393,0.10366639115972308,-1.0327415634229342,0.16476447215387893
2025-03-07,0.412701118006706,0.35308082599442003,-0.5360941678162425,-0.7482626535476096,0.6293754119697621
2025-03-10,0.2945645301569683,-0.14188496770099726,-0.8890456819008455,-0.1502080202020797,1.081319870248092
2025-03-11,0.2812696852936963,-0.2989238211051961,-1.184891800039049,-0.1502080202020797,1.0959433317737712
2025-03-12,0.3950883224829377,0.7687960822976291,-1.0438584238001019,-0.40422971627398974,1.0680295692032498
2025-03-13,0.568310831161806,0.9769123038166553,-0.8890456819008455,-0.2268510573493491,0.9965447025827809
2025-03-14,0.4397476195308795,0.486968489652075,-0.8890456819008455,-0.3412586110579668,0.9657726048879769
2025-03-17,0.28594789461823333,1.3121038943921837,-1.184891800039049,-0.7922589488107621,1.021342062089699
2025-03-18,0.3254444742883261,1.2400024974503472,-1.3128168338756976,-0.6187806839308896,1.1367409989528838
2025-03-19,0.35196280520354845,-0.04836788495378374,-0.12404880760867365,-0.5951086042709117,1.1367409989528838
2025-03-20,0.3608673493906284,-1.0494675253382129,0.5988150567626056,-0.4630652325059834,1.0565314898201827
2025-03-21,0.34774342963443217,0.4923637450435986,1.1380449260780992,-0.238872975292928,0.2592564400592927
2025-03-24,0.4012218125258206,-1.09837599661243,0.8637542362147823,-0.1502080202020797,-1.4021949707943793
2025-03-25,0.47874865489917234,-0.9418257161677952,0.34497895718327154,-0.2709789078942099,-1.4268480752676853
2025-03-26,0.7803932512054188,-0.9423619733608498,0.5988150567626056,-0.25501130092821706,-1.4268480752701693
2025-03-27,0.8635582962844007,-0.6589853310793728,0.34497895718327154,-0.3186111849846414,-1.4268480752718788
2025-03-28,0.39634844752896137,1.7027891736424352,1.706247281728813,-0.17486439751744515,-1.4268480752747508
2025-03-31,0.3613824681302408,1.7359634327113427,0.5988150567626056,-0.0020342800740064102,-0.8332035200108903
2025-04-01,0.37530956344541894,-0.04725131501376576,-0.3374368720065123,0.2943564960799348,-0.249790599316747
2025-04-02,0.4088686600697411,1.5607773921570027,1.4196393320795124,0.4472904618368062,0.3285671198697346
2025-04-03,0.5278358536815464,1.7440550602758202,1.706247281728813,-0.1502080202020797,-1.4268480752783947
2025-04-04,0.5510748713323999,-0.4161798443752101,1.4196393320795124,1.332401952389631,-1.426848075278551
2025-04-08,0.6056092287875938,0.6079453978848917,1.706247281728813,-0.1502080202020797,-1.4268480752793593
2025-04-09,0.6872702256745674,0.9283128119317963,1.706247281728813,-0.1502080202020797,-1.4268480752798356
2025-04-10,0.9901465696735573,-0.9893033261667037,0.8637542362147823,1.0162238173519698,-1.4123499588313835
2025-04-11,1.055905715085965,-0.8359648381223042,-1.3128168338756976,2.355636002009052,-1.2391733598508203
2025-04-14,1.2919795110556926,-0.8131948863079322,-0.5360941678162425,1.532407990141148,-1.1085414789463666
2025-04-15,0.35664635344105894,-0.8715881204036771,-0.12404880760867365,2.095307244098277,-0.8942956488696653
2025-04-16,0.8968424102632198,-0.8825515950404715,-0.3374368720065123,2.01310356325443,-0.5436767195758121
2025-04-17,-0.14733332815876987,-0.5583557180357378,-1.3128168338756976,1.279731380386197,-0.070279617974833
2025-04-18,-3.3497312992039303,-0.5248050531877186,-1.3128168338756976,1.0085041209007946,-0.07359968553986856
2025-04-21,-0.37381344132639344,-0.7286504153744804,-1.3128168338756976,1.0577842445742092,0.9865972017515264
2025-04-22,1.3864680859425886,-1.0787797808950659,-1.0438584238001019,1.007709918360758,1.1367409989528838
2025-04-23,0.6711816416286841,-0.7250882322056295,-1.184891800039049,1.0725132291142763,1.1367409989528838
2025-04-24,0.3078593750202407,-0.5007691154813761,-0.5360941678162425,1.0251368859868715,1.1367409989528838
2025-04-25,-1.163881912953593,-1.5465011449944086,1.1380449260780992,1.1452228728744747,0.9371446192244428
2025-04-28,-0.5043073345602999,-0.5239551645928353,0.5988150567626056,0.9752890012259013,0.8644180433745401
2025-04-29,-0.3252439287906405,0.1492076935049899,-0.7199133867970828,1.0386870482699508,0.7935877050699066
2025-05-05,0.19118996022661025,-0.30409055674451696,-0.7199133867970828,0.8976480450059966,0.8083400665660032
2025-05-06,-0.20158819956585944,-0.4880198525601937,-0.3374368720065123,0.9093453945383706,0.8234232604556212
2025-05-07,0.034171587306279234,0.4718180429809738,0.34497895718327154,0.6351655211817143,0.7110812376726974
2025-05-08,-0.14991483549387163,-0.3252755660173286,0.5988150567626056,0.7120407445043234,0.7032903825818713
2025-05-09,0.7050100513839688,-0.8482311679427965,0.34497895718327154,0.5998454671610617,0.8159971086621681
2025-05-12,-0.43038642652193854,-0.8140780813491664,1.1380449260780992,0.3934871329469355,0.6322240430493288
2025-05-13,-0.2735753256071831,-1.2001710184549477,1.4196393320795124,0.14557017358473454,-0.013721547274532885
2025-05-14,0.18293330703806465,1.4328290426742818,0.34497895718327154,0.035006769004347675,0.080465417078091
2025-05-15,-0.6177188690024571,0.3110953627943923,1.1380449260780992,-0.053076000050097404,-0.18846955049964043
2025-05-16,0.21250248280489598,-0.20100531863649734,-1.184891800039049,-0.1641376547825372,-0.29512355606421625
2025-05-19,0.02822585038726022,0.2638207902370571,-0.8890456819008455,-0.2147354917065362,0.7994563484663232
2025-05-20,0.2310009001936304,0.2297662818583612,-1.0438584238001019,-0.27811588744318827,1.1367409989528838
2025-05-21,0.42441311207769394,-0.7358558358646506,-1.184891800039049,-0.24964502253823506,1.1367409989528838
2025-05-22,0.38103909395787006,-1.7212609667243866,-1.184891800039049,-0.1502080202020797,0.19454046064032945
2025-05-23,0.3961441945989071,-1.7311688779410117,-1.0438584238001019,-0.5308303638288302,-0.2959123788267805
2025-05-26,0.3612410184129196,0.46114453709237546,-1.184891800039049,-0.8379281301973294,0.12283564816310062
2025-05-27,0.3470969585980625,1.2754980308231534,-0.3374368720065123,-0.7409041352190568,0.4021201576968952
2025-05-28,0.3866148179593985,-0.15040667645861852,0.10366639115972308,-0.7554386591387433,0.30403740835880994
2025-05-29,0.3473075414864043,-0.6991431007449537,0.5988150567626056,-0.7792302203627445,1.1367409989528838
2025-05-30,0.3576148742899707,1.7194860233138665,0.8637542362147823,-0.5330594404155226,1.1367409989528838
2025-06-02,0.34795201037231516,0.0032977589632560205,1.706247281728813,-0.3108411826464342,1.0699829479867027
2025-06-03,0.21814033490489873,0.03734949994664477,0.10366639115972308,-0.5956752878781036,1.1367409989528838
2025-06-04,-0.5829113022183154,-1.848342950492403,0.34497895718327154,-1.1325616521252964,-1.42684807527204
2025-06-05,-0.3190511719512132,-0.6054709348129804,-0.5360941678162425,-1.099829556724676,-1.4268480752732813
2025-06-06,0.2579225527846488,0.34476123629013516,-0.5360941678162425,-0.8055756211182226,-1.4268480752732813
2025-06-09,0.21280721232255012,0.5397228582372046,-1.3128168338756976,-0.6366287377227,-1.4125527479138926
2025-06-10,0.0869424782096098,0.750029493489971,-0.5360941678162425,-0.2590902237338113,-1.4238728082077605
2025-06-11,-0.07076922534361711,1.172468579077281,0.10366639115972308,-0.14217312624527093,-1.4238728082077614
2025-06-12,0.04959827069026999,-0.27249095427785636,-0.3374368720065123,0.22375929203868905,-1.4268480752733284
2025-06-13,1.1217147585486842,0.5129019470375278,-1.184891800039049,0.7792217433492102,-1.1727994758955245
2025-06-16,0.3078593750202407,-1.5724656380185342,0.8637542362147823,1.1502125022742922,-0.6936214518080005
2025-06-17,-0.1856096843092286,0.1376748681395531,0.8637542362147823,0.9485603279520948,-0.7562538017664646
2025-06-18,0.1682932952871449,1.6380143731179462,0.10366639115972308,0.6089115600705861,0.17746579300547166
2025-06-19,0.06860234449420104,-0.10415797667304788,0.10366639115972308,0.034661989719075206,1.1367409989528838
2025-06-20,-0.5310541656562595,-0.5876704976396468,-1.3128168338756976,-0.5544923410968442,0.5648188320220813
2025-06-23,0.3078593750202407,0.5103990936896601,-1.0438584238001019,-0.38915114196300615,0.9648427327231216
2025-06-24,-0.1838314638489802,0.6192123501010428,1.706247281728813,-0.8776593669581458,1.1367409989528838
2025-06-25,-0.03486150126220181,-1.6467792422694127,1.706247281728813,-1.6742385761882206,1.1367409989528838
2025-06-26,0.23919539945902774,0.02936321544607687,0.34497895718327154,-1.5337984068633466,1.1367409989528838
2025-06-27,-1.021142586249525,-1.837307203300814,1.706247281728813,-2.599517270142929,-0.32820241376803544
2025-06-30,-0.9991141194557182,-0.9326322087041558,1.4196393320795124,-3.2382301093726693,-1.4268480752733548
2025-07-01,-0.13044519923447212,-0.13148232307163873,1.1380449260780992,-2.214158055409553,-1.42684807527397
2025-07-02,-0.8903821631113327,1.1762858739762105,0.5988150567626056,-1.8104834563020882,-1.4268480752740351
2025-07-03,-0.22974299106205717,-0.3653705764755541,-0.3374368720065123,-1.8031535017707114,-1.168242093195547
2025-07-04,-0.03184457636077383,0.7621060575105368,0.5988150567626056,-1.1538813178936704,-1.263177434148637
2025-07-07,-0.7184730654395673,0.766225004320865,0.10366639115972308,-1.0859621728843227,-0.4503973593648994
2025-07-08,-0.5505401414989562,-1.6741698645825525,1.4196393320795124,-2.0601219019092554,-0.9952528168830427
2025-07-09,-1.260463949950962,-1.8535601926436343,1.706247281728813,-2.5623878107287057,-1.4268480752766157
2025-07-10,-1.1686375499596053,0.8260818572662485,1.1380449260780992,-2.2687611162307157,-1.2839974243086858
2025-07-11,-0.6953474132494512,0.24515781667908268,0.34497895718327154,-2.076218067865632,-1.4268480752769273
2025-07-14,-1.1686340397560426,0.33826256225653956,1.4196393320795124,-2.333763541687447,-1.4268480752765826
2025-07-15,-1.1180484081642328,0.946139383260032,-0.12404880760867365,-1.2745896699773058,-1.3475626517758075
2025-07-16,-0.8442308109609161,1.0435983040275287,-0.8890456819008455,-0.38245599441813277,-1.110519667034089
2025-07-17,-0.3345360587317876,0.5630386715975787,-1.184891800039049,-0.72380351357033,-0.3762611170602153
2025-07-18,0.3078593750202407,0.6585023801151398,-1.3128168338756976,-0.703473450831303,0.5156153089188652
2025-07-21,0.2109000057858566,0.5342150253776551,-1.3128168338756976,-0.1502080202020797,1.1367409989528838
2025-07-22,0.2802020556707785,-0.21845309811200242,-1.3128168338756976,-0.41723930373792756,1.1367409989528838
2025-07-23,0.05187056651034584,1.4758903966521602,0.8637542362147823,-1.4261043324213452,0.1942943974894067
2025-07-24,-2.1688091886768577,-1.7529453545923699,1.706247281728813,-2.198446215648093,-1.4268480752781978
2025-07-25,-1.6115571426417354,0.8221827104814162,0.5988150567626056,-1.8663341887884863,-1.4268480752786454
2025-07-28,-1.3065616146489794,0.22728467443012776,0.34497895718327154,-1.9997361914556582,-1.4268480752788943
2025-07-29,-1.2031434506576888,-0.6441879317057607,-0.3374368720065123,-1.8257646455904615,-1.4268480752789643
2025-07-30,-1.0244214027760863,0.7118334029541159,-1.0438584238001019,-0.8845161274402079,-1.3529466891943724
2025-07-31,0.2620715702614123,-0.3705877974409202,-1.3128168338756976,-0.1502080202020797,-1.171349394643636
2025-08-01,0.3838067958422968,0.6856083293572278,-0.8890456819008455,-0.1502080202020797,-1.221221469101014
2025-08-04,0.5934562508283895,-1.3102586752371104,-1.184891800039049,-0.22395779932039414,-1.1255114880626658
2025-08-05,0.5782694494014192,0.15828453789327146,-0.7199133867970828,-0.17285567697459017,-1.1506580354925178
2025-08-06,0.39495069852712616,0.2171505512128921,-1.184891800039049,-0.4892038018280798,-1.1752258820895192
2025-08-07,0.40817276027576005,-1.5863617624373192,-1.0438584238001019,-0.7339576804758551,-0.8186988312555252
2025-08-08,0.4919144473196833,1.2736855547485058,0.34497895718327154,-0.9245225145359631,0.7347456246742351
2025-08-11,0.26732383862770426,1.450197659169877,0.34497895718327154,-0.9501737800914623,1.1367409989528838
2025-08-12,-0.022914446451345785,-0.353610034232563,-0.12404880760867365,-1.0519286753622112,1.1367409989528838
2025-08-13,0.19605053392014407,0.993716268265405,0.5988150567626056,-0.6725985303551693,1.1367409989528838
2025-08-14,-0.42596834755667934,0.43659846216806997,0.10366639115972308,-0.8516382392564398,1.0151154453403013
2025-08-15,0.45624720501096344,0.801525375819251,0.8637542362147823,-0.7283344986725898,1.1367409989528838
2025-08-18,0.38933264996712286,0.669999160915365,-0.12404880760867365,-0.5463219214608092,1.1367409989528838
2025-08-19,0.4506671364557884,0.37661843901334796,-0.7199133867970828,-0.45478638726672854,1.1367409989528838
2025-08-20,0.7112402259146812,0.4588820079479504,-0.12404880760867365,-0.43684357817345,0.8378156549896664
2025-08-21,0.8386310524839662,0.29888482527441357,-0.7199133867970828,-0.2856877604742636,0.6667749401304803
2025-08-22,0.6326772550547605,1.1347020053026928,1.706247281728813,-0.1439689537703516,-0.26800097060896705
2025-08-25,0.5759091505478184,-1.2597056859127755,1.4196393320795124,0.013766970347974899,-0.8744292846698214
2025-08-26,0.5428350835408291,-0.9713221279133738,-0.3374368720065123,0.6793830598682686,-1.0511835982436346
2025-08-27,0.40776070585376795,0.5693454276571451,-0.8890456819008455,1.4745013309064616,-0.886219631221377
2025-08-28,0.0800531931500928,0.3560112105101215,-1.184891800039049,1.5608026164740927,-0.4677288777204351
2025-08-29,0.1838206336590793,0.366203157311545,-0.8890456819008455,1.6661849511873297,-0.2440840473612038
2025-09-03,-0.5910762267889473,-1.7990979406166054,-1.0438584238001019,1.376053032435185,-0.6767163794657405
2025-09-04,-1.8756979243694034,-1.7976018998424521,0.5988150567626056,0.8549002722787216,-1.254353142812954
2025-09-05,-1.0351455536683423,-0.16224898518317277,-0.3374368720065123,0.44164834061068337,-1.3198753628404782
2025-09-08,-0.14923479422757005,-1.7450356024317664,-0.7199133867970828,0.24535346218013873,-1.2967379602314324
2025-09-09,0.4445459436939718,1.4071324880614435,-0.7199133867970828,0.31450029382590994,-0.3121646312691702
2025-09-10,1.0127912274362996,1.5282642258693409,0.10366639115972308,-0.013223620780468523,1.1367409989528838
2025-09-11,-0.2681149659543013,-0.6219749784297165,1.1380449260780992,0.21813907553629397,1.1367409989528838
2025-09-12,-0.8350567865874934,-1.8576518847634078,1.706247281728813,0.5195000079846265,-0.8718174773322135
2025-09-15,-0.50390292516536,1.3706017126163228,1.4196393320795124,0.2998963695071234,-1.4268480752759587
2025-09-16,-2.2720566457219453,-1.8567055734239855,1.4196393320795124,-0.2938143262307451,-1.426848075277923
2025-09-17,-2.5577490010040944,-1.6763953716277142,1.1380449260780992,-1.1444790004872893,-1.4268480752787027
2025-09-18,-1.3514917673779143,0.744708418327721,0.5988150567626056,-1.2207256810194564,-1.4268480752787966
2025-09-19,-0.35129106558966927,0.6174621927802285,-0.5360941678162425,-0.48796977383621865,-1.3183114917159886
2025-09-22,0.2763322852680273,0.9974302577473767,-0.7199133867970828,-0.355201928982586,-1.1846884706052963
2025-09-23,0.7963425021112227,0.5275061072018644,-1.184891800039049,-0.1502080202020797,-0.9296719898629678
2025-09-24,0.8844826657396626,0.9327092544060466,-1.184891800039049,-0.15553785527385972,-0.36791568329146107
2025-09-25,0.4441902863913215,0.1418408735518954,-1.3128168338756976,-0.39722383985906534,-0.29786968833532956
2025-09-26,0.47722592577904077,-0.54405484036773,-1.3128168338756976,-0.641472009307255,-0.48420185715675396
2025-09-29,0.4508823446417215,0.6930668848136889,0.10366639115972308,-0.5238330520638705,-0.5600930923571947
2025-09-30,0.39677681059670933,0.5395554855854144,0.5988150567626056,-0.38985990850777286,-0.04723298240588694
2025-10-01,0.24500823033836377,1.1790835124541656,-0.3374368720065123,-0.6573060404782762,1.1367409989528838
2025-10-02,0.379455232237657,0.9317656610516072,0.10366639115972308,-0.5298598877745438,1.1367409989528838
2025-10-03,0.4945852921385589,0.7664405755232842,0.10366639115972308,-0.5732483823737025,1.1367409989528838
2025-10-06,-0.05518507861782211,0.7006575153007256,-0.7199133867970828,-0.8749113330224036,0.9359032609368791
2025-10-07,0.21312165252260126,0.46632421021594705,0.10366639115972308,-0.77485997196484,0.9344477093962852
2025-10-08,-1.5343435804186978,-0.7598221158264765,0.34497895718327154,-0.8901743041179998,0.31046866860269695
2025-10-09,-1.4907196750048006,0.37883273978773424,-0.12404880760867365,-1.0175356544626295,-0.02476240233702345
2025-10-10,0.154725132874948,-0.5228487110665972,-0.8890456819008455,-0.8257402293666478,-0.0522106296990516
2025-10-13,-1.5838154798909103,-1.7267054145336356,0.8637542362147823,-0.9494707738508597,-0.27716068066348826
2025-10-14,-1.077102485173234,-1.3535286084128972,0.5988150567626056,-0.9158935470215225,0.25481965962680153
2025-10-15,-0.38125075069739567,1.0387743886933065,0.5988150567626056,-0.7143464768452875,0.006586980546101417
2025-10-16,-1.2202774664499745,-1.2939010731329605,1.4196393320795124,-0.9296630120805737,-0.5034554021055091
2025-10-17,0.8837051508135317,0.4691419039779069,-0.5360941678162425,-0.4795258409046337,-0.32560751010042305
2025-10-20,0.5430603131304118,1.6394845828624136,1.706247281728813,-0.1502080202020797,-1.4268480752787756
2025-10-21,0.8906055359789021,1.1250057708542456,1.4196393320795124,0.12880143901306926,-1.4268480752790078
2025-10-22,0.7477912871784789,-0.9179409376975234,1.4196393320795124,0.25573626621468837,-1.4268480752792096
2025-10-23,0.8669733816164757,-1.6347636891239254,0.5988150567626056,0.29386117098914755,-1.4268480752790829
2025-10-24,0.9199001396644795,-0.1553610990356516,-0.5360941678162425,1.2224426092812568,-1.390666211522095
2025-10-27,0.8753618314935858,-1.6528468240826348,0.5988150567626056,1.830287587201566,-1.107876628906335
2025-10-28,0.6360070539333991,-1.2522352958952827,-0.3374368720065123,1.3539457799210666,-0.7613434747312694
2025-10-29,-0.4438971257626306,-0.45592156816632035,-0.3374368720065123,1.539763016120635,-0.21685876091636905
2025-10-30,0.19077163684520937,0.4450089834965169,0.10366639115972308,1.3717796570489906,0.9138359609057408
2025-10-31,-0.32861889384862036,0.9934115331223645,-1.0438584238001019,1.0794216048980743,1.1367409989528838
2025-11-03,-0.1353139213776713,1.1838261951497782,-0.5360941678162425,1.3311431904208788,1.1367409989528838
2025-11-04,0.7633125390057329,-1.704397002623635,-1.184891800039049,1.1837652828354956,1.1367409989528838
2025-11-05,-0.3208024940554942,-1.7460046644670235,-0.7199133867970828,1.3852910633643039,1.1367409989528838
2025-11-06,-0.06670919505624251,0.20925981461364385,-1.3128168338756976,1.494318348952825,1.1367409989528838
2025-11-07,0.25512746974793493,0.5764718416426122,-1.3128168338756976,1.2675979985586578,1.1367409989528838
2025-11-10,0.360960680679743,1.1294872299690446,-1.3128168338756976,1.3318109227674348,1.1367409989528838
2025-11-11,-0.5008879253011476,0.5231086499097753,-0.12404880760867365,1.7743899570905708,0.8294238975828602
2025-11-12,-1.4359620600418312,-0.21168526581236297,1.706247281728813,1.6927956306860492,0.29440113097699755
2025-11-13,-2.939256400612583,-1.860118225216247,1.706247281728813,1.5362723988340863,-1.0411206356769074
2025-11-14,-3.1139288354397285,-1.6941058753794895,1.706247281728813,1.0112909391504898,-1.4268480752793187
2025-11-17,-2.420066226096457,0.16871456205148225,1.1380449260780992,0.10066402007508365,-1.4268480752794483
2025-11-18,-1.4723417830836434,0.8012464753647439,0.5988150567626056,-0.38942200873232824,-1.3023733592339135
2025-11-19,-1.7667247929296839,0.8717316449113771,0.5988150567626056,-0.748768123593535,-1.2221041860240587
2025-11-20,-0.5345163304410423,0.9561241024810793,0.10366639115972308,-0.1502080202020797,-1.0629238855825265
2025-11-21,0.270983916787859,0.7765899278269099,-0.7199133867970828,-0.1502080202020797,-0.7450376364789963
2025-11-24,-0.49498737338865256,-1.2175346703383017,0.8637542362147823,-1.14543851032982,-0.27653473169102427
2025-11-25,0.7028906572787568,0.8732510622994532,0.34497895718327154,-1.2965800931360052,0.028954293724738005
2025-11-26,0.012684989447148111,0.803094588253187,0.5988150567626056,-1.527902687108512,0.33129424406743696
2025-11-27,0.13075693743877317,1.1671884713793703,-0.7199133867970828,-1.326857081772516,0.7608694800516099
2025-11-28,-0.11307488896491462,1.4876643854529743,0.34497895718327154,-2.13889659175388,0.6840239074899125
2025-12-01,-1.0272205390554374,0.5794091064644711,-0.12404880760867365,-1.4726214511186357,-0.10468420615204682
2025-12-02,-2.2737151193209417,0.3725878948688306,-1.0438584238001019,-1.7875764849503297,-0.47166569121772345
2025-12-03,-0.39218900666116485,0.4789069114727333,-1.0438584238001019,-1.3690541285853735,-0.6449686555781325
2025-12-04,0.007278221637751194,0.5807180501897463,-1.3128168338756976,-1.2069301972234505,-0.2914172157176678
2025-12-05,0.018169768030662278,0.4370481538163677,-1.3128168338756976,-0.6923750070392626,0.973386063907835
2025-12-08,0.17448322165553745,-1.5150710851858307,-1.3128168338756976,-0.5045559776968792,0.9912890264365944
2025-12-09,0.5016715978783252,-0.4714039733549269,-1.3128168338756976,-0.254817250388092,1.1367409989528838
2025-12-10,0.46075900229811323,-0.7694972282845464,-0.7199133867970828,-0.44591808188353355,1.1367409989528838
2025-12-11,0.4562830944055772,-0.34362041439899943,-0.3374368720065123,-0.33871537913933286,0.8084172118272113
2025-12-12,0.49560454859037006,1.0338301712894942,1.4196393320795124,-0.1502080202020797,-0.5841501761059296
2025-12-15,0.4295949177337659,0.9365236106680084,-0.5360941678162425,-0.4333202130700118,-0.30538297067125464
2025-12-16,0.2035146241229334,0.2221389956215574,-0.5360941678162425,-0.9792264187943401,0.06259580875176055
2025-12-17,0.3859946963614527,-1.1941638337929303,0.5988150567626056,-0.6426170446642689,0.5626524724129915
2025-12-18,-0.15522262946200902,-0.24425624297557558,-0.12404880760867365,-1.098389548811694,0.41517220271724004
2025-12-19,-0.06563612893448303,0.2829291182212815,-0.12404880760867365,-1.4240790948938715,-0.008242436767528862
2025-12-22,-0.1493063669192624,-0.19238027007922592,-0.12404880760867365,-0.8876927537399744,-0.11376710998227214
2025-12-23,-0.4613798350831637,0.23026698665456574,0.8637542362147823,-0.41127422409247266,-0.10476592982341294
2025-12-24,0.39677681059670955,1.6930459476788187,1.4196393320795124,-0.40813914563447506,-0.3663550992347492
2025-12-25,1.303956254562241,0.10855840890769211,0.8637542362147823,-0.2323864636831829,-0.4658895955202264
2025-12-26,1.2281336287608007,0.4999256369834816,1.1380449260780992,-0.22907623507633418,1.0628978330110006
2025-12-29,1.0454983828306657,0.23154706253292415,-1.184891800039049,-0.29365733392510585,1.1367409989528838
2025-12-30,0.5921173018787647,-1.7651727627917744,-1.3128168338756976,-0.17009472569562423,1.1367409989528838
2025-12-31,0.7003904592897789,-1.376312617020248,0.10366639115972308,0.07182392626927629,0.6329758628170785
2026-01-05,0.5104093161257433,1.4018621583872748,1.4196393320795124,0.23745204635715517,0.5434539693378094
2026-01-06,0.3706076141099764,0.902922681797084,0.5988150567626056,0.5028005845472414,1.1367409989528838
2026-01-07,0.37980561979337046,1.4132393009902793,1.1380449260780992,0.44767491733550335,1.1367409989528838
2026-01-08,0.056866418661297845,-1.7987928851213768,-1.0438584238001019,0.8454149565227037,1.1367409989528838
2026-01-09,0.6496402425259268,-1.1362678258352072,0.10366639115972308,0.6798770807604019,1.1088368140769984
2026-01-12,-0.29427568628642925,-1.5689855477073844,-0.8890456819008455,1.1475780448963921,0.6030469575543858
2026-01-13,-1.110896766163122,-1.8375689925425698,1.1380449260780992,0.7529930372490874,-0.1141118667031552
2026-01-14,-4.766185331756361,-1.8605387518345284,1.706247281728813,0.2562148401439841,-1.4268480752792005
2026-01-15,-6.628578074637515,-1.4390176099831913,1.706247281728813,-0.5997680309735741,-1.4268480752799675
2026-01-16,-5.205021630720824,-0.8316896712408965,1.1380449260780992,-1.3691112994582242,-1.4268480752800892
2026-01-19,-5.2759268526596195,-0.28605544994351434,1.1380449260780992,-1.8431101798150518,-1.4268480752801462
2026-01-20,-8.097024781273515,-0.6668120608931009,1.4196393320795124,-2.6343531615307967,-1.426848075280225
2026-01-21,-4.035622629503026,1.0192862037564183,0.34497895718327154,-1.182785737768069,-1.2694978279225129
2026-01-22,-3.332558097965173,0.9616253941084811,0.10366639115972308,-0.6729307179715347,-1.1218822167762035
2026-01-23,0.49107920165122176,0.7864056040023251,-1.0438584238001019,-0.2276588322357299,-0.6462206940793994
2026-01-26,1.0008518113052989,0.8341899680688176,-0.12404880760867365,-0.3328903568310264,-0.20475990868508892
2026-01-27,0.7593453194559323,0.7940899653589383,-1.0438584238001019,-0.1502080202020797,0.38262725942395737
2026-01-28,0.6475340545524458,0.8055090506742191,-1.184891800039049,-0.5163659433069959,0.4803654810343048
2026-01-29,0.5669798037642017,0.9142132070253223,-0.12404880760867365,-0.8701534578409583,1.129757584462697
2026-01-30,0.2725706630347004,0.6401839033692628,-0.7199133867970828,-1.2813307889658878,1.1134036315950802
2026-02-02,-0.02260246241839938,0.8638881433945924,-0.7199133867970828,-1.3249572933686848,0.9468854606027386
2026-02-03,0.1273781516180032,0.6944687257548968,-1.0438584238001019,-1.3428986473076705,1.1367409989528838
2026-02-04,-0.312239722142217,0.7067371724488144,-1.184891800039049,-1.3800583327027396,1.030184540807471
2026-02-05,0.22235678925911623,0.46044711561805823,0.10366639115972308,-0.5592612031798087,1.0257989243013015
2026-02-06,-0.09115269186500696,0.4786056875321419,-0.12404880760867365,-0.6030645843565734,1.1367409989528838
2026-02-09,0.5986231411458249,-0.3362562247087287,0.10366639115972308,-0.4322857262635765,1.1367409989528838
2026-02-10,0.7802804810362962,-0.6808290450404088,-1.3128168338756976,-0.3949407143975923,1.1367409989528838
2026-02-11,1.3709493761273361,-0.4164045121923957,-1.184891800039049,-0.406500437413376,1.1367409989528838
2026-02-12,0.4079535832250368,-1.842580995361072,-1.184891800039049,-0.6146118851500793,1.0355836651384707
2026-02-13,0.6906983337522601,-1.1145707261489533,-1.3128168338756976,-0.6167319729729042,1.033992455965778
2026-02-23,0.18818757315900173,1.713957002484525,0.10366639115972308,-0.6246176000089688,1.1367409989528838
2026-02-24,0.08846107160796923,-0.4452002185052535,-0.3374368720065123,-0.9234554274393282,1.1367409989528838
2026-02-25,-0.547587677594754,-1.3114757972980882,-0.7199133867970828,-1.0426308269127715,0.9284710593515039
2026-02-26,-0.7560299418771599,-1.8599981548332365,0.34497895718327154,-0.8110461058426579,0.8941388108259689
2026-02-27,0.5591701589288426,1.499155164504721,1.706247281728813,-0.5172402789581108,0.6264147284556366
2026-03-02,0.40373556642443337,1.6602210101361259,1.4196393320795124,-0.25830132756101726,-0.7541408612249493
2026-03-03,0.5497915630419714,1.7348602147665244,1.706247281728813,-0.1502080202020797,-1.4268480752790762
2026-03-04,0.7529503344072683,0.04809118735976016,1.4196393320795124,-0.1502080202020797,-1.4268480752793873
2026-03-05,0.582718114622716,-0.7194651142301232,1.4196393320795124,-0.1502080202020797,-1.4268480752796888
2026-03-06,0.685297286201684,-0.7880200947993575,1.4196393320795124,-0.009665255589449256,-1.426848075279858
2026-03-09,0.7958977076814551,0.3947479650883778,1.706247281728813,-0.1502080202020797,-1.4268480752800876
2026-03-10,0.8009469723079322,-0.5613629090168384,0.5988150567626056,1.4958167809648557,-1.337986358356184
2026-03-11,0.6058529428981365,-0.5993310171914042,0.10366639115972308,1.4671615666575117,-0.747278123078287
2026-03-12,0.5426350645391822,-0.4415195856583503,0.34497895718327154,1.403279699575169,-0.16326447319994467
2026-03-13,0.8430080704927947,-0.31934832321830714,-0.7199133867970828,1.7677654550378463,0.2950702004457685
2026-03-16,0.8574028929975941,-0.2603815098417494,-0.3374368720065123,2.126159742459737,0.6932303662610274
2026-03-17,0.7849356159016793,-0.00071585961768966,-1.0438584238001019,1.1752186070863435,0.9808476947146662
2026-03-18,-1.5708849264199143,-0.1298208318627722,-1.184891800039049,1.0022510516320744,1.1367409989528838
2026-03-19,0.9425952718165149,-0.6861296108226519,-1.3128168338756976,1.0801758598722293,1.1367409989528838
2026-03-20,2.014227305368667,-0.6453111868966284,-1.0438584238001019,0.6591874919023551,1.0875180560079816
2026-03-23,0.8448283041508641,-1.4538333270644228,-1.3128168338756976,0.9864196628079115,1.1367409989528838
2026-03-24,1.469845387323826,0.9063021627082432,-1.3128168338756976,1.0736498687187448,1.1367409989528838
2026-03-25,0.1272188566282397,-0.27809158853473814,-0.5360941678162425,1.1782849366245294,1.1367409989528838
2026-03-26,0.6216005704689194,1.290820653342948,-1.3128168338756976,1.0988579631088327,1.1252747638895224
2026-03-27,0.40614412552778,0.829225109910214,-1.3128168338756976,1.2910523229769963,1.1367409989528838
2026-03-30,0.5066845916207382,0.6673742840417446,-1.184891800039049,0.9845778570184313,1.1367409989528838
2026-04-02,-0.20667618551559205,0.018459675584473464,-1.3128168338756976,0.9600912667419945,1.1367409989528838
2026-04-03,0.8156247308121809,-0.033195336025497235,-1.184891800039049,0.6598200951648135,1.0448818059880745
